seq,source
AAVALLPAVLLALLAKNNLKDCGLF,2
AAVALLPAVLLALLAKNNLKECGLY,2
AAVALLPAVLLALLAPVQRKQKLMP,2
AAVALLPAVLLALLAVTDQLGEDFFAVDLEAFLQEFGLLPEKE,2
AAVLLPVLLAAP,2
AGYLLGKINLKALAALAKKIL,2
AGYLLGKLKALAALAKKIL,2
AHALCLTERQIKIWFQNRRMKWKKEN,2
AHALCPPERQIKIWFQNRRMKWKKEN,2
ALWKTLLKKVLKA,2
AYALCLTERQIKIWFANRRMKWKKEN,2
CGPGSDDEAAADAQHAAPPKKKRKVGY,2
CNGRC,2
CNGRCG,2
CNGRCGGKKLKLLKLL,2
CNGRCGGKLAKLAKLAKLAK,2
CNGRCGGLVTT,2
GAARVTSWLGRQLRIAGKRLEGRSK,2
GALFLGFLGAAGSTMGAWSQPKSKRKV,2
GGRQIKIWFQNRRMKWKK,2
GIGKFLHSAKKWGKAFVGQIMNC,2
GLAFLGFLGAAGSTMGAWSQPKSKRKV,2
GRKKRRQ,2
GRKKRRQRRPPQC,2
GRKKRRQRRRC,2
GRKKRRQRRRPPC,2
GRKKRRQRRRPQ,2
GRQLRIAGKRLEGRSK,2
GWTLNPAGYLLGKINLKALAALAKKIL,2
GWTLNPPGYLLGKINLKALAALAKKIL,2
GWTLNSAGYLLGKINLKALAALAKKIL,2
GWTLNSAGYLLGKINLKALAALAKKLL,2
GWTLNSAGYLLGKLKALAALAKKIL,2
GWTLNSKINLKALAALAKKIL,2
INLKALAALAKKIL,2
IWFQNRRMKWKK,2
KALAALLKKWAKLLAALK,2
KALAKALAKLWKALAKAA,2
KALKKLLAKWAAAKALL,2
KCRKKKRRQRRRKKLSECLKRIGDELDS,2
KCRKKKRRQRRRKKPVVHLTLRQAGDDFSR,2
KETWWETWWTEWSQPKKKRKV,2
KETWWETWWTEWSQPKKRKV,2
KFHTFPQTAIGVGAP,2
KITLKLAIKAWKLALKAA,2
KIWFQNRRMKWKK,2
KLAAALLKKWKKLAAALL,2
KLALKALKALKAALKLA,2
KLALKLALKALKAALK,2
KLALKLALKALQAALQLA,2
KLALKLALKAWKAALKLA,2
KLALQLALQALQAALQLA,2
KMTRAQRRAAARRNRWTAR,2
KRPAATKKAGQAKKKKL,2
LGTYTQDFNKFHTFPQTAIGVGAP,2
LIRLWSHLIHIWFQNRRLKWKKK,2
LKTLATALTKLAKTLTTL,2
LKTLTETLKELTKTLTEL,2
LLGDFFRKSKEKIGKEFKRIVQRIKDFLRNLVPRTESC,2
LLIILRARIRKQAHAHSK,2
LLIILRRPIRKQAHAHSK,2
LLIILRRRIRKQAHAHSA,2
LLIILRRRIRKQAHAHSK,2
LNSAGYLLGKINLKALAALAKKIL,2
LNSAGYLLGKLKALAALAKIL,2
MANLGYWLLALFVTMWTDVGLCKKRPKP,2
MDAQTRRRERRAEKQAQWKAAN,2
MGLGLHLLVLAAALQGAKKKRKV,2
MPKKKPTPIQLNP,2
MVKSKIGSWILVLFVAMWSDVGLCKKRPKP,2
MVTVLFRRLRIRRACGPPRVRV,2
NAKTRRHERRRKLAIER,2
PKKKRKV,2
PKKKRKVALWKTLLKKVLKA,2
PMLKE,2
QLALQLALQALQAALQLA,2
RGGRLSSYSRRRFSTSTGR,2
RGGRLSYSRRRFSTSTGR,2
RGGRLSYSRRRFSTSTGRA,2
RKKRRQRRR,2
RKSSKPIMEKRRRAR,2
RQARRNRRRALWKTLLKKVLKA,2
RQGAARVTSWLGRQLRIAGKRLEGR,2
RQGAARVTSWLGRQLRIAGKRLEGRSK,2
RQIKIWFPNRRMKWKK,2
RQIKIWFQNMRRKWKK,2
RQIKIWFQNRRMKWKK,2
RQIKIWFQNRRMKWKKLRKKKKKH,2
RQIRIWFQNRRMRWRR,2
RQPKIWFPNRRMPWKK,2
RRLSSYSSRRRF,2
RRMKWKK,2
RRRRRRRRR,2
RRWRRWWRRWWRRWRR,2
RVIRVWFQNKRCKDKK,2
RVTSWLGRQLRIAGKRLEGRSK,2
SWLGRQLRIAGKRLEGRSK,2
TAKTRYKARRAELIAERR,2
TRQARRNRRRWRERQR,2
TRRNKRNRIQEQLNRK,2
TRSSRAGLQFPVGRVHRLLRK,2
TRSSRAGLQWPVGRVHRLLRKGGC,2
VPALR,2
VPMLK,2
VPTLK,2
VQAILRRNWNQYKIQ,2
VRLPPPVRLPPPVRLPPP,2
WFQNRRMKWKK,2
YGRKKRRQRRR,2
YGRKKRRQRRRGTSSSSDELSWIIELLEK,2
YGRKKRRQRRRSVYDFFVWL,2
AGCKNFFWKTFTSC,0
AHALCLTERQIKSNRRMKWKKEN,0
CYFQNCPRG,0
DFDMLRCMLGRVYRPCWQV,0
EILLPNNYNAYESYKYPGMFIALSK,0
FITKALGISYGRKKRRQC,0
FVPIFTHSELQKIREKERNKGQ,0
GRKKRRQPPQC,0
GWTLNSAGYLLGKFLPLILRKIVTAL,0
GWTLNSAGYLLGKINLKAPAALAKKIL,0
GWTLNSAGYLLGPHAI,0
GWTNLSAGYLLGPPPGFSPFR,0
HDEFERHAEGTFTSDVSSYLEGQAAKEFIAWLVKGR,0
IAARIKLRSRQHIKLRHL,0
ILRRRIRKQAHAHSK,0
KIWFQNRRMK,0
KKKQYTSIHHGVVEVD,0
KKLSECLKRIGDELDS,0
KLALKALKAALKLA,0
KLALKLALKALKAA,0
LLGKINLKALAALAKKIL,0
LLKTTALLKTTALLKTTA,0
LLKTTELLKTTELLKTTE,0
LNSAGYLLGKALAALAKKIL,0
LNSAGYLLGKLKALAALAK,0
LRKKKKKH,0
PVVHLTLRQAGDDFSR,0
QNLGNQWAVGHLM,0
RPPGFSPFR,0
RQIKIFFQNRRMKFKK,0
RQIKIWFQNRRM,0
RQIKIWFQNRRMKWK,0
TERQIKIWFQNRRMK,0
WSYGLRPG,0
